{"cameraMode":{"drawMode":0,"name":"Shaded","section":"Shading Mode"},"sceneLighting":true,"audioPlay":false,"sceneViewState":{"showFog":true,"showMaterialUpdate":false,"showSkybox":true,"showFlares":true,"showImageEffects":true,"showParticleSystems":true},"in2DMode":false,"pivot":{"x":25.86961555480957,"y":46.67748260498047,"z":17.591182708740236},"rotation":{"x":-0.3683585822582245,"y":-0.004982125945389271,"z":0.0011248458176851273,"w":-0.9300838112831116},"size":31.76848793029785,"orthographic":false}