{"cameraMode":{"drawMode":0,"name":"Shaded","section":"Shading Mode"},"sceneLighting":false,"audioPlay":false,"sceneViewState":{"showFog":true,"showMaterialUpdate":false,"showSkybox":false,"showFlares":true,"showImageEffects":true,"showParticleSystems":true},"in2DMode":false,"pivot":{"x":0.24762019515037538,"y":2.6213793754577638,"z":-4.208637237548828},"rotation":{"x":0.05247323960065842,"y":-0.010485198348760605,"z":0.0005511961062438786,"w":0.9985701441764832},"size":2.1213202476501467,"orthographic":false}