{"cameraMode":{"drawMode":0,"name":"Shaded","section":"Shading Mode"},"sceneLighting":false,"audioPlay":false,"sceneViewState":{"showFog":true,"showMaterialUpdate":false,"showSkybox":false,"showFlares":true,"showImageEffects":true,"showParticleSystems":true},"in2DMode":false,"pivot":{"x":0.21287579834461213,"y":-2.0712203979492189,"z":3.169246196746826},"rotation":{"x":-0.43904444575309756,"y":-0.010280883871018887,"z":0.004225380718708038,"w":-0.89853435754776},"size":10.344082832336426,"orthographic":false}