{"cameraMode":{"drawMode":0,"name":"Shaded","section":"Shading Mode"},"sceneLighting":true,"audioPlay":false,"sceneViewState":{"showFog":true,"showMaterialUpdate":false,"showSkybox":true,"showFlares":true,"showImageEffects":true,"showParticleSystems":true},"in2DMode":false,"pivot":{"x":-1.8076287508010865,"y":25.892362594604493,"z":-14.293655395507813},"rotation":{"x":-0.5550429224967957,"y":0.00039948837365955114,"z":-0.0005574852111749351,"w":-0.8320394158363342},"size":10.0,"orthographic":false}