{"cameraMode":{"drawMode":0,"name":"Shaded","section":"Shading Mode"},"sceneLighting":false,"audioPlay":false,"sceneViewState":{"showFog":true,"showMaterialUpdate":false,"showSkybox":false,"showFlares":true,"showImageEffects":true,"showParticleSystems":true},"in2DMode":false,"pivot":{"x":4.0993523597717289,"y":-5.425697326660156,"z":-3.9968762397766115},"rotation":{"x":0.0000838043779367581,"y":0.9587311744689941,"z":-0.28432220220565798,"w":0.00028465487412177026},"size":10.774250030517579,"orthographic":false}