{"cameraMode":{"drawMode":0,"name":"Shaded","section":"Shading Mode"},"sceneLighting":false,"audioPlay":false,"sceneViewState":{"showFog":true,"showMaterialUpdate":false,"showSkybox":false,"showFlares":true,"showImageEffects":true,"showParticleSystems":true},"in2DMode":false,"pivot":{"x":-2.114565849304199,"y":-0.3074539005756378,"z":0.7286471724510193},"rotation":{"x":0.2254328578710556,"y":-0.6776113510131836,"z":0.23119036853313447,"w":0.6607449650764465},"size":4.636809349060059,"orthographic":false}